model,n_frames,steps,fvd
Local Factorized,16,40000,3047.71
Local Factorized,16,80000,1221.41
Local Factorized,16,120000,344.67
Local Factorized,16,160000,173.28
Local Factorized,16,200000,121.41
Local Factorized,16,240000,102.00
Local Factorized,16,280000,101.86
Local Factorized,16,320000,95.69
Local Factorized,16,360000,93.66
Local Factorized,16,400000,92.04
Local Factorized,16,440000,90.01
Local Factorized,16,480000,84.33
Local Factorized,16,520000,82.69
Local Factorized,16,560000,83.12
Local Factorized,16,600000,80.54
Local Factorized,16,640000,80.57
Local Factorized,16,680000,78.09
Local Factorized,16,720000,76.89
Local Factorized,16,760000,75.33
Local Factorized,16,800000,75.30
Full 3D,16,40000,2689.87
Full 3D,16,80000,1540.43
Full 3D,16,120000,295.12
Full 3D,16,160000,149.87
Full 3D,16,200000,112.45
Full 3D,16,240000,100.29
Full 3D,16,280000,98.45
Full 3D,16,320000,95.87
Full 3D,16,360000,92.96
Full 3D,16,400000,90.47
Full 3D,16,440000,86.31
Full 3D,16,480000,87.59
Full 3D,16,520000,84.70
Full 3D,16,560000,82.27
Full 3D,16,600000,79.50
Full 3D,16,640000,78.92
Full 3D,16,680000,76.96
Full 3D,16,720000,74.53
Full 3D,16,760000,73.83
Full 3D,16,800000,71.7
FrameDiT-G,16,40000,3116
FrameDiT-G,16,80000,1250.45
FrameDiT-G,16,120000,254.12
FrameDiT-G,16,160000,173.45
FrameDiT-G,16,200000,121.78
FrameDiT-G,16,240000,102.34
FrameDiT-G,16,280000,98.12
FrameDiT-G,16,320000,95.12
FrameDiT-G,16,360000,90.94
FrameDiT-G,16,400000,89.12
FrameDiT-G,16,440000,87.76
FrameDiT-G,16,480000,83.12
FrameDiT-G,16,520000,80.58
FrameDiT-G,16,560000,79.01
FrameDiT-G,16,600000,77.08
FrameDiT-G,16,640000,75.53
FrameDiT-G,16,680000,72.23
FrameDiT-G,16,720000,70.77
FrameDiT-G,16,760000,68.12
FrameDiT-G,16,800000,66.14
FrameDiT-H,16,40000,3799
FrameDiT-H,16,80000,1134
FrameDiT-H,16,120000,306
FrameDiT-H,16,160000,146
FrameDiT-H,16,200000,116
FrameDiT-H,16,240000,90
FrameDiT-H,16,280000,88
FrameDiT-H,16,320000,83
FrameDiT-H,16,360000,80
FrameDiT-H,16,400000,77
FrameDiT-H,16,440000,73
FrameDiT-H,16,480000,72
FrameDiT-H,16,520000,71
FrameDiT-H,16,560000,70
FrameDiT-H,16,600000,67
FrameDiT-H,16,640000,69
FrameDiT-H,16,680000,69.43
FrameDiT-H,16,720000,68.12
FrameDiT-H,16,760000,67.44
FrameDiT-H,16,800000,66.12

Local Factorized,32,40000,10000
Local Factorized,32,80000,10000
Local Factorized,32,120000,10000
Local Factorized,32,160000,10000
Local Factorized,32,200000,245.6
Local Factorized,32,240000,230.4
Local Factorized,32,280000,212.5
Local Factorized,32,320000,203.4
Local Factorized,32,360000,195.6
Local Factorized,32,400000,191.3
Local Factorized,32,440000,188.5
Local Factorized,32,480000,185.7
Local Factorized,32,520000,185.3
Local Factorized,32,560000,178.5
Local Factorized,32,600000,175.2
Local Factorized,32,640000,170.0
Local Factorized,32,680000,160.0
Local Factorized,32,720000,162.0
Local Factorized,32,760000,158.0
Local Factorized,32,800000,156.0
Full 3D,32,40000,10000
Full 3D,32,80000,10000
Full 3D,32,120000,10000
Full 3D,32,160000,10000
Full 3D,32,200000,230.1
Full 3D,32,240000,212.5
Full 3D,32,280000,198.7
Full 3D,32,320000,195.3
Full 3D,32,360000,195.7
Full 3D,32,400000,185.6
Full 3D,32,440000,178.1
Full 3D,32,480000,172.5
Full 3D,32,520000,168
Full 3D,32,560000,167.4
Full 3D,32,600000,163
Full 3D,32,640000,162
Full 3D,32,680000,156
Full 3D,32,720000,152
Full 3D,32,760000,151
Full 3D,32,800000,148.3
FrameDiT-G,32,40000,10000
FrameDiT-G,32,80000,10000
FrameDiT-G,32,120000,10000
FrameDiT-G,32,160000,10000
FrameDiT-G,32,200000,221
FrameDiT-G,32,240000,201
FrameDiT-G,32,280000,195
FrameDiT-G,32,320000,185
FrameDiT-G,32,360000,180
FrameDiT-G,32,400000,177
FrameDiT-G,32,440000,170
FrameDiT-G,32,480000,162
FrameDiT-G,32,520000,160
FrameDiT-G,32,560000,158
FrameDiT-G,32,600000,155
FrameDiT-G,32,640000,150
FrameDiT-G,32,680000,148
FrameDiT-G,32,720000,145
FrameDiT-G,32,760000,140
FrameDiT-G,32,800000,138.8
FrameDiT-H,32,40000,10000
FrameDiT-H,32,80000,10000
FrameDiT-H,32,120000,10000
FrameDiT-H,32,160000,10000
FrameDiT-H,32,200000,210
FrameDiT-H,32,240000,199
FrameDiT-H,32,280000,195
FrameDiT-H,32,320000,186
FrameDiT-H,32,360000,171
FrameDiT-H,32,400000,160
FrameDiT-H,32,440000,146
FrameDiT-H,32,480000,142
FrameDiT-H,32,520000,143
FrameDiT-H,32,560000,139
FrameDiT-H,32,600000,136
FrameDiT-H,32,640000,135
FrameDiT-H,32,680000,130
FrameDiT-H,32,720000,133
FrameDiT-H,32,760000,129
FrameDiT-H,32,800000,126

Local Factorized,64,40000,10000
Local Factorized,64,80000,10000
Local Factorized,64,120000,10000
Local Factorized,64,160000,10000
Local Factorized,64,200000,723.45
Local Factorized,64,240000,678.34
Local Factorized,64,280000,578.90
Local Factorized,64,320000,512.34
Local Factorized,64,360000,445.12
Local Factorized,64,400000,427.78
Local Factorized,64,440000,412.56
Local Factorized,64,480000,391.23
Local Factorized,64,520000,378.90
Local Factorized,64,560000,378.45
Local Factorized,64,600000,365.89
Local Factorized,64,640000,345.67
Local Factorized,64,680000,335.78
Local Factorized,64,720000,322.12
Local Factorized,64,760000,312.45
Local Factorized,64,800000,301.01
FrameDiT-G,64,40000,10000
FrameDiT-G,64,80000,10000
FrameDiT-G,64,120000,10000
FrameDiT-G,64,160000,10000
FrameDiT-G,64,200000,689.5
FrameDiT-G,64,240000,613.2
FrameDiT-G,64,280000,555.1
FrameDiT-G,64,320000,475.3
FrameDiT-G,64,360000,412.7
FrameDiT-G,64,400000,375.2
FrameDiT-G,64,440000,337.5
FrameDiT-G,64,480000,312.4
FrameDiT-G,64,520000,295.6
FrameDiT-G,64,560000,285.7
FrameDiT-G,64,600000,270.5
FrameDiT-G,64,640000,258.3
FrameDiT-G,64,680000,239.7
FrameDiT-G,64,720000,234.5
FrameDiT-G,64,760000,229.0
FrameDiT-G,64,800000,228.0
FrameDiT-H,64,40000,10000
FrameDiT-H,64,80000,10000
FrameDiT-H,64,120000,10000
FrameDiT-H,64,160000,10000
FrameDiT-H,64,200000,587.6
FrameDiT-H,64,240000,533.2
FrameDiT-H,64,280000,489.3
FrameDiT-H,64,320000,401.1
FrameDiT-H,64,360000,385.2
FrameDiT-H,64,400000,350.6
FrameDiT-H,64,440000,322.1
FrameDiT-H,64,480000,298.9
FrameDiT-H,64,520000,298.7
FrameDiT-H,64,560000,278.4
FrameDiT-H,64,600000,263.5
FrameDiT-H,64,640000,250.3
FrameDiT-H,64,680000,229.9
FrameDiT-H,64,720000,227.8
FrameDiT-H,64,760000,227.5
FrameDiT-H,64,800000,225.3
Local Factorized,128,40000,10000
Local Factorized,128,80000,10000
Local Factorized,128,120000,10000
Local Factorized,128,160000,10000
Local Factorized,128,200000,601.2
Local Factorized,128,240000,512.3
Local Factorized,128,280000,496.4
Local Factorized,128,320000,474.1
Local Factorized,128,360000,451.3
Local Factorized,128,400000,421.4
Local Factorized,128,440000,410.0
Local Factorized,128,480000,401.2
Local Factorized,128,520000,390.0
Local Factorized,128,560000,385.6
Local Factorized,128,600000,379.9
Local Factorized,128,640000,375.1
Local Factorized,128,680000,370.2
Local Factorized,128,720000,362.0
Local Factorized,128,760000,357.0
Local Factorized,128,800000,354.4
FrameDiT-G,128,40000,10000
FrameDiT-G,128,80000,10000
FrameDiT-G,128,120000,10000
FrameDiT-G,128,160000,10000
FrameDiT-G,128,200000,439.1
FrameDiT-G,128,240000,421.1
FrameDiT-G,128,280000,400.1
FrameDiT-G,128,320000,386.3
FrameDiT-G,128,360000,368.3
FrameDiT-G,128,400000,356.7
FrameDiT-G,128,440000,344.77
FrameDiT-G,128,480000,340.1
FrameDiT-G,128,520000,320.5
FrameDiT-G,128,560000,301.3
FrameDiT-G,128,600000,295.5
FrameDiT-G,128,640000,290.1
FrameDiT-G,128,680000,288.2
FrameDiT-G,128,720000,279.1
FrameDiT-G,128,760000,273.1
FrameDiT-G,128,800000,265.6
FrameDiT-H,128,40000,7282
FrameDiT-H,128,80000,4972
FrameDiT-H,128,120000,2343
FrameDiT-H,128,160000,635
FrameDiT-H,128,200000,402
FrameDiT-H,128,240000,396
FrameDiT-H,128,280000,382
FrameDiT-H,128,320000,360
FrameDiT-H,128,360000,344
FrameDiT-H,128,400000,339
FrameDiT-H,128,440000,329
FrameDiT-H,128,480000,322
FrameDiT-H,128,520000,309.56
FrameDiT-H,128,560000,293.94
FrameDiT-H,128,600000,286
FrameDiT-H,128,640000,278
FrameDiT-H,128,680000,273
FrameDiT-H,128,720000,271
FrameDiT-H,128,760000,267
FrameDiT-H,128,800000,256.40