,model,num_frames,params_M,flops_GF,latency_avg_ms,latency_p50_ms,latency_p95_ms,peak_mem_MB
0,MatrixDiT-H,8,269.266704,199.7616128,9.778087639715524,9.743657486978918,9.858985897153616,1587.08740234375
1,MatrixDiT-H,16,269.274896,389.983014912,9.72032893449068,9.677583002485337,9.81003395281732,1602.14990234375
2,MatrixDiT-H,32,269.29128,771.63849728,9.901443887501957,9.889226988889275,9.944945923052728,1632.27490234375
3,MatrixDiT-H,64,269.324048,1539.800174592,11.058931939769536,10.974689503200352,11.038091033697128,1692.52490234375
4,MatrixDiT-H,128,269.389584,3095.52637952,21.06175719527528,20.968656986951828,20.998035091906782,1813.02490234375
5,MatrixDiT-H,256,269.520656,6284.590190592,41.14783257478848,41.10995650989935,41.206061956472695,2213.02490234375
6,MatrixDiT-H,8,270.15144,214.35779072,10.000650414731354,9.961016941815616,10.070057935081422,1593.68505859375
7,MatrixDiT-H,16,270.159632,419.376697344,9.92988608777523,9.89500997820869,10.030218050815163,1612.79052734375
8,MatrixDiT-H,32,270.176016,831.231168512,10.08086199639365,10.04157104762271,10.23093203548342,1651.02490234375
9,MatrixDiT-H,64,270.208784,1662.206742528,12.111691068857908,12.06957147223875,12.10935297422111,1727.58740234375
10,MatrixDiT-H,128,270.27432,3353.22441728,23.02505610976368,22.97971793450415,23.060292936861515,1881.08740234375
11,MatrixDiT-H,256,270.405392,6851.525873664,45.306124642957,45.26617249939591,45.375515008345246,2216.58740234375
12,MatrixDiT-H,8,268.824336,192.46352384,9.63374205166474,9.59051650715992,9.7442539408803,1585.30615234375
13,MatrixDiT-H,16,268.832528,375.286173696,9.6666723000817,9.58512199576944,9.659053990617394,1600.36865234375
14,MatrixDiT-H,32,268.848912,741.842161664,9.856487966608256,9.826892521232368,9.903583908453584,1630.49365234375
15,MatrixDiT-H,64,268.88168,1478.596890624,10.604401130694896,10.574224987067282,10.630517033860087,1690.74365234375
16,MatrixDiT-H,128,268.947216,2966.67736064,19.882567587774247,19.852957513649017,19.90596204996109,1811.24365234375
17,MatrixDiT-H,256,269.078288,6001.122349056,39.03312869602814,39.00500398594886,39.05352402944118,2211.24365234375
18,MatrixDiT-H,8,269.462544,202.98205184,9.681907228659838,9.64815350016579,9.813267970457671,1587.84912109375
19,MatrixDiT-H,16,269.470736,396.447485952,9.907373357564213,9.877418517135084,9.993463987484574,1602.91162109375
20,MatrixDiT-H,32,269.48712,784.6618112,9.965133238583803,9.928676998242736,10.097938938997686,1633.03662109375
21,MatrixDiT-H,64,269.519888,1566.224289792,11.293823614250869,11.251770018134266,11.308479006402194,1693.28662109375
22,MatrixDiT-H,128,269.585424,3149.88455936,21.60896689631045,21.568764466792345,21.65964897722006,1813.78662109375
23,MatrixDiT-H,256,269.716496,6399.346348032,42.65364998951554,42.60757798328996,42.6778671098873,2213.78662109375
24,MatrixDiT-H,8,270.34728,217.57822976,9.898794209584594,9.83715197071433,10.0815569749102,1594.97412109375
25,MatrixDiT-H,16,270.355472,425.841168384,9.92152942577377,9.887968481052669,10.057901032269,1614.72412109375
26,MatrixDiT-H,32,270.371856,844.254482432,10.01395033672452,9.985215961933136,10.10790199507028,1654.59912109375
27,MatrixDiT-H,64,270.404624,1688.630857728,12.44587721535936,12.402728549204769,12.46728701516986,1735.84912109375
28,MatrixDiT-H,128,270.47016,3407.58259712,23.78504987573251,23.75331800431013,23.79008405841887,1904.34912109375
29,MatrixDiT-H,256,270.601232,6966.282031104,46.8716847570613,46.842798008583486,46.91023600753397,2265.34912109375
30,MatrixDiT-H,8,269.020176,195.68396288,9.830817489419132,9.800260013435036,9.890004992485046,1586.06787109375
31,MatrixDiT-H,16,269.028368,381.750644736,9.735060597304257,9.705694916192442,9.858492994681,1601.13037109375
32,MatrixDiT-H,32,269.044752,754.865475584,9.942999433260413,9.915656060911717,10.0573250092566,1631.25537109375
33,MatrixDiT-H,64,269.07752,1505.021005824,10.88462331565097,10.84033091319725,10.931850993074477,1691.50537109375
34,MatrixDiT-H,128,269.143056,3021.03554048,20.455834842287004,20.420252985786647,20.492070936597884,1812.00537109375
35,MatrixDiT-H,256,269.274128,6115.878506496,40.58344571618363,40.55252397665754,40.64726200886071,2212.00537109375
36,MatrixDiT-H,8,269.27976,199.976308736,9.900286719202995,9.825640474446118,10.17393299844116,1587.13427734375
37,MatrixDiT-H,16,269.287952,390.413979648,9.912085577379912,9.882726473733785,9.960773983038962,1602.19677734375
38,MatrixDiT-H,32,269.304336,772.506718208,10.068010489922017,10.03927254350856,10.13661501929164,1632.32177734375
39,MatrixDiT-H,64,269.337104,1541.561782272,11.204183297231792,11.1694959923625,11.244546039961278,1692.57177734375
40,MatrixDiT-H,128,269.40264,3099.150258176,21.22275843983516,21.185608522500843,21.26630709972233,1813.07177734375
41,MatrixDiT-H,256,269.533712,6292.240601088,41.72043431550264,41.68829048285261,41.73030506353825,2213.07177734375
42,MatrixDiT-H,8,270.164496,214.572486656,10.051569961942732,10.014004074037077,10.24213805794716,1593.76708984375
43,MatrixDiT-H,16,270.172688,419.80766208,10.062386943027375,10.0118505069986,10.243306052871048,1612.91552734375
44,MatrixDiT-H,32,270.189072,832.09938944,10.147963855415584,10.11634198948741,10.229298030026255,1651.25927734375
45,MatrixDiT-H,64,270.22184,1663.968350208,12.33525650575757,12.29311799397692,12.372166034765542,1728.13427734375
46,MatrixDiT-H,128,270.287376,3356.848295936,23.42353464802727,23.382520012091845,23.49114790558815,1882.63427734375
47,MatrixDiT-H,256,270.418448,6859.17628416,45.941804349422455,45.91018450446427,45.98203103523701,2216.63427734375
48,MatrixDiT-H,8,268.837392,192.678219776,9.785832262132317,9.710905491374431,9.82020900119096,1585.35302734375
49,MatrixDiT-H,16,268.845584,375.717138432,9.782723996322602,9.756338491570204,9.896557894535364,1600.41552734375
50,MatrixDiT-H,32,268.861968,742.710382592,10.036002667620778,10.014337487518787,10.118152014911177,1630.54052734375
51,MatrixDiT-H,64,268.894736,1480.358498304,10.763512223493308,10.729195491876451,10.784526006318629,1690.79052734375
52,MatrixDiT-H,128,268.960272,2970.301239296,20.094263213686645,20.05154592916369,20.15847503207624,1811.29052734375
53,MatrixDiT-H,256,269.091344,6008.772759552,39.56715436885133,39.53105700202286,39.59031996782869,2211.29052734375
54,MatrixDiT-H,8,269.67144,206.417186816,9.766775981988758,9.66030702693388,9.860076941549778,1588.66943359375
55,MatrixDiT-H,16,269.679632,403.342921728,9.846074616070837,9.75665549049154,9.950132924132047,1603.73193359375
56,MatrixDiT-H,32,269.696016,798.553346048,10.035612378269434,9.94911399902776,10.14636701438576,1633.85693359375
57,MatrixDiT-H,64,269.728784,1594.410012672,11.49515952449292,11.455781059339644,11.514185927808285,1694.10693359375
58,MatrixDiT-H,128,269.79432,3207.866617856,22.001216823700812,21.950291469693184,22.08155405241996,1829.60693359375
59,MatrixDiT-H,256,269.925392,6521.752915968,43.96788333542645,43.9300739672035,44.00571598671377,2214.60693359375
60,MatrixDiT-H,8,270.556176,221.013364736,9.880359016824514,9.77726693963632,9.901567013002932,1596.35693359375
61,MatrixDiT-H,16,270.564368,432.73660416,9.811635937076062,9.78388695511967,9.934551897458732,1616.79443359375
62,MatrixDiT-H,32,270.580752,858.14601728,10.114057746250182,10.031369514763355,10.187265928834677,1658.41943359375
63,MatrixDiT-H,64,270.61352,1716.816580608,12.631790549494326,12.585636926814914,12.699711951427162,1744.66943359375
64,MatrixDiT-H,128,270.679056,3465.564655616,24.170870347879827,24.122045491822064,24.229670991189774,1929.16943359375
65,MatrixDiT-H,256,270.810128,7088.68859904,48.18915701005608,48.15555951790884,48.22657199110836,2346.16943359375
66,MatrixDiT-H,8,269.229072,199.119097856,9.780457667075098,9.745586023200303,9.904878097586334,1586.88818359375
67,MatrixDiT-H,16,269.237264,388.646080512,9.687043488956988,9.645705460570753,9.81704192236066,1601.95068359375
68,MatrixDiT-H,32,269.253648,768.757010432,9.994725186843423,9.960794472135603,10.113144991919398,1632.07568359375
69,MatrixDiT-H,64,269.286416,1533.206728704,11.03221896570176,10.99104742752388,11.045650113373997,1692.32568359375
70,MatrixDiT-H,128,269.351952,3079.017598976,20.90229691239074,20.868134510237724,20.94975102227181,1812.82568359375
71,MatrixDiT-H,256,269.483024,6238.285074432,41.85547179542482,41.83084046235308,41.868656990118325,2212.82568359375
72,MatrixDiT-H,8,269.305872,200.405700608,9.882147265598178,9.787691466044636,10.129326954483986,1587.23388671875
73,MatrixDiT-H,16,269.314064,391.27590912,9.966619024053216,9.921556513290852,10.212169028818607,1602.29638671875
74,MatrixDiT-H,32,269.330448,774.243160064,10.176127017475665,10.118479491211474,10.329974931664765,1632.42138671875
75,MatrixDiT-H,64,269.363216,1545.084997632,11.225531920790672,11.185879004187882,11.266829911619425,1692.67138671875
76,MatrixDiT-H,128,269.428752,3106.398015488,21.28846336621791,21.24024648219347,21.35915099643171,1813.17138671875
77,MatrixDiT-H,256,269.559824,6307.54142208,41.81380013469607,41.78293602308258,41.85952804982662,2213.17138671875
78,MatrixDiT-H,8,270.190608,215.001878528,9.699827167205513,9.662576543632897,9.79851803276688,1593.93701171875
79,MatrixDiT-H,16,270.1988,420.669591552,9.932220079936087,9.887683554552495,10.025253053754568,1613.17138671875
80,MatrixDiT-H,32,270.215184,833.835831296,10.235307675320657,10.189394932240248,10.38662192877382,1651.73388671875
81,MatrixDiT-H,64,270.247952,1667.491565568,12.451659690123051,12.391403026413172,12.48649600893259,1729.23388671875
82,MatrixDiT-H,128,270.313488,3364.096053248,23.4765651775524,23.43718899646774,23.52633897680789,1885.73388671875
83,MatrixDiT-H,256,270.44456,6874.477105152,46.01653188699856,45.97099497914314,46.05494602583349,2216.73388671875
84,MatrixDiT-H,8,268.863504,193.107611648,9.929459143895656,9.882324491627514,10.181118967011573,1585.45263671875
85,MatrixDiT-H,16,268.871696,376.579067904,9.887965079396963,9.839816484600306,10.069726966321468,1600.51513671875
86,MatrixDiT-H,32,268.88808,744.446824448,9.910526920575649,9.878815500997009,9.99476294964552,1630.64013671875
87,MatrixDiT-H,64,268.920848,1483.881713664,10.842500075232238,10.752766043879092,10.83551999181509,1690.89013671875
88,MatrixDiT-H,128,268.986384,2977.548996608,20.154630704782903,20.11518704239279,20.21753799635917,1811.39013671875
89,MatrixDiT-H,256,269.117456,6024.073580544,39.647773639298975,39.62081403005868,39.70092406962067,2211.39013671875
90,MatrixDiT-H,8,270.089232,213.287456768,9.687146744690835,9.647005470469594,9.871860034763811,1590.31005859375
91,MatrixDiT-H,16,270.097424,417.13379328,9.813692918978631,9.795021498575808,9.892395930364728,1605.37255859375
92,MatrixDiT-H,32,270.113808,826.336415744,10.099994235206395,10.05954248830676,10.188765940256417,1638.49755859375
93,MatrixDiT-H,64,270.146576,1650.781458432,11.839134497568011,11.801616987213492,11.831482988782229,1710.74755859375
94,MatrixDiT-H,128,270.212112,3323.830734848,22.85802929662168,22.821302933152765,22.86616701167077,1879.24755859375
95,MatrixDiT-H,256,270.343184,6766.56605184,46.60583854420111,46.57191794831306,46.63312493357808,2344.24755859375
96,MatrixDiT-H,8,270.973968,227.883634688,9.765661696437746,9.739808971062304,9.838486090302467,1599.12255859375
97,MatrixDiT-H,16,270.98216,446.527475712,9.817443364299834,9.73055901704356,9.857279947027564,1620.93505859375
98,MatrixDiT-H,32,270.998544,885.929086976,10.04793343367055,10.031832032836974,10.095832054503262,1666.06005859375
99,MatrixDiT-H,64,271.031312,1773.188026368,12.943265892099587,12.908318021800367,12.9269789904356,1762.31005859375
100,MatrixDiT-H,128,271.096848,3581.528772608,25.020154267549515,24.984763585962355,25.02589696086943,1978.81005859375
101,MatrixDiT-H,256,271.22792,7333.501734912,50.8009597659111,50.76916149118915,50.823267083615065,2507.81005859375
102,MatrixDiT-H,8,269.646864,205.989367808,9.564299734774975,9.46990045486018,9.612401016056538,1588.52880859375
103,MatrixDiT-H,16,269.655056,402.436952064,9.391846642829478,9.359897463582456,9.471350000239909,1603.59130859375
104,MatrixDiT-H,32,269.67144,796.540080128,9.917927016504107,9.853859490249306,10.015762061811984,1633.71630859375
105,MatrixDiT-H,64,269.704208,1589.578174464,11.22200130019337,11.17085455916822,11.260465951636434,1693.96630859375
106,MatrixDiT-H,128,269.769744,3194.981715968,21.574786687269807,21.52368501992896,21.64378296583891,1845.46630859375
107,MatrixDiT-H,256,269.900816,6483.098210304,44.14558183867484,44.11192098632455,44.15571305435151,2278.46630859375
108,MatrixDiT-H,8,269.358096,201.264484352,9.80168562149629,9.768737014383078,9.94480401277542,1587.43896484375
109,MatrixDiT-H,16,269.366288,392.999768064,9.800176271237431,9.769412456080316,9.925447055138648,1602.50146484375
110,MatrixDiT-H,32,269.382672,777.716043776,10.13658988289535,10.110991017427295,10.205334052443504,1632.62646484375
111,MatrixDiT-H,64,269.41544,1552.131428352,11.28358967602253,11.247089481912552,11.288514942862092,1692.87646484375
112,MatrixDiT-H,128,269.480976,3120.893530112,21.34464988019317,21.30721852881834,21.36715198867023,1813.37646484375
113,MatrixDiT-H,256,269.612048,6338.143064064,41.96338297100738,41.9378419755958,41.99517797678709,2213.37646484375
114,MatrixDiT-H,8,270.242832,215.860662272,9.761567132081836,9.727882978040723,9.838567930273712,1594.28271484375
115,MatrixDiT-H,16,270.251024,422.393450496,9.699746400583535,9.669810999184849,9.77431598585099,1613.68896484375
116,MatrixDiT-H,32,270.267408,837.308715008,10.134717558976265,10.051616001874208,10.164289036765696,1652.68896484375
117,MatrixDiT-H,64,270.300176,1674.537996288,12.441313145682216,12.401760555803776,12.49651494435966,1731.43896484375
118,MatrixDiT-H,128,270.365712,3378.591567872,23.57966371579096,23.54164997814223,23.60376599244773,1891.93896484375
119,MatrixDiT-H,256,270.496784,6905.078747136,46.18848830694333,46.16197396535426,46.22311796993017,2224.93896484375
120,MatrixDiT-H,8,268.915728,193.966395392,9.80966862058267,9.771236567758024,9.918775991536677,1585.65771484375
121,MatrixDiT-H,16,268.92392,378.302926848,9.964470190461723,9.92110901279375,10.147514985874295,1600.72021484375
122,MatrixDiT-H,32,268.940304,747.91970816,10.232068276964128,10.205795464571564,10.4722740361467,1630.84521484375
123,MatrixDiT-H,64,268.973072,1490.928144384,10.850504355039448,10.814843990374357,10.897812899202108,1691.09521484375
124,MatrixDiT-H,128,269.038608,2992.044511232,20.191432933788747,20.15118399867788,20.25273395702243,1811.59521484375
125,MatrixDiT-H,256,269.16968,6054.675222528,39.87743209814653,39.84467900590971,39.91799103096128,2211.59521484375
126,Latte-M/2,8,230.19624,161.149997056,5.805618460290134,5.737688043154776,5.776557954959571,1364.83740234375
127,Latte-M/2,16,230.204432,317.662138368,5.837270068004727,5.831041024066508,5.852243979461491,1377.89990234375
128,Latte-M/2,32,230.220816,631.290400768,5.929192621260881,5.925254547037184,5.977697088383138,1406.02490234375
129,Latte-M/2,64,230.253584,1260.962844672,8.080111497547477,8.05231201229617,8.067329064942896,1462.27490234375
130,Latte-M/2,128,230.31912,2529.971408896,15.453495339024812,15.424262965098023,15.482555027119815,1576.02490234375
131,Latte-M/2,256,230.450192,5106.643243008,30.761863822117448,30.73936852160841,30.813494930043817,1992.77490234375
132,MatrixDiT-G,8,231.462672,160.97478656,8.02969321841374,7.996156462468207,8.143924991600215,1369.81787109375
133,MatrixDiT-G,16,231.470864,312.20803584,8.126109873410314,8.08570155641064,8.260076050646603,1384.88037109375
134,MatrixDiT-G,32,231.487248,615.283232768,8.20806382689625,8.180752512998879,8.318865089677274,1415.00537109375
135,MatrixDiT-G,64,231.520016,1223.868420096,8.973330617882311,8.94090044312179,9.019759017974138,1475.25537109375
136,MatrixDiT-G,128,231.585552,2450.77796864,16.465354934334755,16.43449952825904,16.52303501032293,1595.75537109375
137,MatrixDiT-G,256,231.716624,4943.55376128,31.362490237224844,31.338894448708743,31.40471200458705,1836.75537109375
138,MatrixDiT-G,8,232.347408,175.57096448,8.224037277977914,8.191190019715577,8.321600966155529,1375.41552734375
139,MatrixDiT-G,16,232.3556,341.601718272,8.192521356977522,8.094451448414475,8.25772702228278,1392.52099609375
140,MatrixDiT-G,32,232.371984,674.875904,8.29602135811001,8.213315973989666,8.329393924213946,1426.75537109375
141,MatrixDiT-G,64,232.404752,1346.274988032,10.076461860444397,10.04279451444745,10.106900008395314,1495.31787109375
142,MatrixDiT-G,128,232.470288,2708.4760064,18.682712628506124,18.646440526936203,18.756987061351538,1632.81787109375
143,MatrixDiT-G,256,232.60136,5510.489444352,35.373660838231444,35.34565953304991,35.453497897833586,1909.31787109375
144,MatrixDiT-G,8,231.020304,153.6766976,8.006443940103054,7.979252957738936,8.166179992258549,1368.03662109375
145,MatrixDiT-G,16,231.028496,297.511194624,7.961059375666081,7.936949492432177,8.04549502208829,1383.09912109375
146,MatrixDiT-G,32,231.04488,585.486897152,8.117117353249341,8.094229968264699,8.166891988366842,1413.22412109375
147,MatrixDiT-G,64,231.077648,1162.665136128,8.560879388824105,8.535366039723158,8.582502021454275,1473.47412109375
148,MatrixDiT-G,128,231.143184,2321.92894976,15.358992859255522,15.322356019169092,15.400207019411027,1593.97412109375
149,MatrixDiT-G,256,231.274256,4660.085919744,29.278042677324265,29.249757470097396,29.33091390877962,1834.97412109375
150,MatrixDiT-G,8,231.658512,164.1952256,7.959105574991554,7.940171519294381,8.007016032934189,1370.57958984375
151,MatrixDiT-G,16,231.666704,318.67250688,8.079443883616477,8.059537503868341,8.151217014528811,1385.64208984375
152,MatrixDiT-G,32,231.683088,628.306546688,8.134275069460273,8.10880702920258,8.190573076717556,1415.76708984375
153,MatrixDiT-G,64,231.715856,1250.292535296,9.239222828764468,9.209726005792618,9.248615009710193,1476.01708984375
154,MatrixDiT-G,128,231.781392,2505.13614848,16.9928143825382,16.96565852034837,16.981456894427538,1596.51708984375
155,MatrixDiT-G,256,231.912464,5058.30991872,32.78347562532872,32.7546110493131,32.80522604472935,1837.51708984375
156,MatrixDiT-G,8,232.543248,178.79140352,8.038040231913328,8.023267495445907,8.11496505048126,1376.70458984375
157,MatrixDiT-G,16,232.55144,348.066189312,8.022254202514887,7.999739493243396,8.068191003985703,1394.45458984375
158,MatrixDiT-G,32,232.567824,687.89921792,8.2051009288989,8.190652006305754,8.245090022683144,1430.32958984375
159,MatrixDiT-G,64,232.600592,1372.699103232,10.357649396173656,10.327771014999598,10.360131040215492,1503.57958984375
160,MatrixDiT-G,128,232.666128,2762.83418624,19.299219180829823,19.26827005809173,19.319492974318564,1656.07958984375
161,MatrixDiT-G,256,232.7972,5625.245601792,36.99184098280966,36.96513001341373,37.04474703408778,1985.07958984375
162,MatrixDiT-G,8,231.216144,156.89713664,7.955123181454837,7.9307579435408115,8.033542078919709,1368.79833984375
163,MatrixDiT-G,16,231.224336,303.975665664,7.9344607074745,7.910683518275618,7.996213040314615,1383.86083984375
164,MatrixDiT-G,32,231.24072,598.510211072,8.066968829371035,8.042460482101887,8.117252960801125,1413.98583984375
165,MatrixDiT-G,64,231.273488,1189.089251328,8.777222484350204,8.753477537538856,8.789545972831547,1474.23583984375
166,MatrixDiT-G,128,231.339024,2376.2871296,15.88352916063741,15.854870493058115,15.871537034399807,1594.73583984375
167,MatrixDiT-G,256,231.470096,4774.842077184,30.637939739972357,30.60603409539908,30.68034595344216,1835.73583984375
168,MatrixDiT-G,8,231.475728,161.189482496,8.06153827579692,8.031569013837725,8.237075060606003,1369.86474609375
169,MatrixDiT-G,16,231.48392,312.639000576,8.155033059883863,8.131661510560662,8.237599045969546,1384.92724609375
170,MatrixDiT-G,32,231.500304,616.151453696,8.194851630833,8.16879898775369,8.272625971585512,1415.05224609375
171,MatrixDiT-G,64,231.533072,1225.630027776,9.145319471135736,9.119666006881744,9.178851032629607,1475.30224609375
172,MatrixDiT-G,128,231.598608,2454.401847296,16.772841142956167,16.730164061300457,16.843731980770826,1595.80224609375
173,MatrixDiT-G,256,231.72968,4951.204171776,31.828289879485965,31.79294645087793,31.888809986412525,1836.80224609375
174,MatrixDiT-G,8,232.360464,175.785660416,8.153261828701943,8.138954464811832,8.224271005019546,1375.49755859375
175,MatrixDiT-G,16,232.368656,342.032683008,8.297142116352916,8.232142427004874,8.37438099551946,1392.64599609375
176,MatrixDiT-G,32,232.38504,675.744124928,8.34064812399447,8.29755503218621,8.469589985907078,1426.98974609375
177,MatrixDiT-G,64,232.417808,1348.036595712,10.269990402739497,10.227581020444632,10.309920995496212,1495.86474609375
178,MatrixDiT-G,128,232.483344,2712.099885056,18.989670786540955,18.89814052265137,19.01038899086416,1634.36474609375
179,MatrixDiT-G,256,232.614416,5518.139854848,36.022808488924056,35.99196852883324,36.06306796427816,1914.36474609375
180,MatrixDiT-G,8,231.03336,153.891393536,8.06804213207215,8.040027983952314,8.183895028196275,1368.08349609375
181,MatrixDiT-G,16,231.041552,297.94215936,8.003480788320303,7.978966052178293,8.069069008342922,1383.14599609375
182,MatrixDiT-G,32,231.057936,586.35511808,8.23963834438473,8.215736539568752,8.303819107823074,1413.27099609375
183,MatrixDiT-G,64,231.090704,1164.426743808,8.759600676130503,8.671080053318292,8.70825001038611,1473.52099609375
184,MatrixDiT-G,128,231.15624,2325.552828416,15.638282287400214,15.594436961691828,15.71947697084397,1594.02099609375
185,MatrixDiT-G,256,231.287312,4667.73633024,29.74469393724576,29.71646102378145,29.767071013338864,1835.02099609375
186,MatrixDiT-G,8,231.867408,167.630360576,7.973004614468664,7.944906479679048,8.03174008615315,1371.39990234375
187,MatrixDiT-G,16,231.8756,325.567942656,8.033282114192843,7.953818480018526,8.079629973508418,1386.46240234375
188,MatrixDiT-G,32,231.891984,642.198081536,8.10785711510107,8.085892477538437,8.15889099612832,1416.58740234375
189,MatrixDiT-G,64,231.924752,1278.478258176,9.399462139699608,9.366471960674971,9.396924055181444,1476.83740234375
190,MatrixDiT-G,128,231.990288,2563.118206976,17.488033950794488,17.459817056078464,17.47516100294888,1597.33740234375
191,MatrixDiT-G,256,232.12136,5180.716486656,34.04556353343651,34.019893035292625,34.05374498106539,1870.33740234375
192,MatrixDiT-G,8,232.752144,182.226538496,7.967486304696649,7.948450976982713,8.02050402853638,1378.08740234375
193,MatrixDiT-G,16,232.760336,354.961625088,8.06191218784079,8.042709552682936,8.114434080198407,1396.52490234375
194,MatrixDiT-G,32,232.77672,701.790752768,8.227582077961415,8.2010134938173,8.275353000499308,1434.14990234375
195,MatrixDiT-G,64,232.809488,1400.884826112,10.65315858228132,10.554322507232428,10.577009990811348,1512.39990234375
196,MatrixDiT-G,128,232.875024,2820.816244736,19.787905323319137,19.71143903210759,19.74432601127773,1680.89990234375
197,MatrixDiT-G,256,233.006096,5747.652169728,38.28979232348502,38.26220094924793,38.313564960844815,2065.89990234375
198,MatrixDiT-G,8,231.42504,160.332271616,8.004252971149981,7.925560465082526,7.99158401787281,1369.61865234375
199,MatrixDiT-G,16,231.433232,310.87110144,7.815462555736303,7.741384499240667,7.8068539733067155,1384.68115234375
200,MatrixDiT-G,32,231.449616,612.40174592,8.043381525203586,7.9681905335746706,8.066559908911586,1414.80615234375
201,MatrixDiT-G,64,231.482384,1217.274974208,8.994873815681785,8.93194496165961,8.971997071057558,1475.05615234375
202,MatrixDiT-G,128,231.54792,2434.269188096,16.350177058484405,16.321988543495536,16.343605937436223,1595.55615234375
203,MatrixDiT-G,256,231.678992,4897.24864512,31.978825279511515,31.95249149575829,31.993726966902614,1836.55615234375
204,MatrixDiT-G,8,231.50184,161.618874368,8.08880589902401,8.066060021519661,8.194708963856101,1369.96435546875
205,MatrixDiT-G,16,231.510032,313.500930048,8.177303350530565,8.153316506650299,8.260063012130558,1385.02685546875
206,MatrixDiT-G,32,231.526416,617.887895552,8.240608822088689,8.222042524721473,8.275371044874191,1415.15185546875
207,MatrixDiT-G,64,231.559184,1229.153243136,9.164564602542669,9.13952651899308,9.181739063933492,1475.40185546875
208,MatrixDiT-G,128,231.62472,2461.649604608,16.824671474751085,16.786276537459344,16.887236037291586,1595.90185546875
209,MatrixDiT-G,256,231.755792,4966.504992768,32.01939540216699,31.99590148869902,32.04641700722277,1836.90185546875
210,MatrixDiT-G,8,232.386576,176.215052288,8.1490322900936,8.055587531998754,8.211641921661794,1375.66748046875
211,MatrixDiT-G,16,232.394768,342.89461248,8.178431785199791,8.144879015162587,8.312185993418097,1392.90185546875
212,MatrixDiT-G,32,232.411152,677.480566784,8.301380332559347,8.282074006274343,8.367881062440574,1427.46435546875
213,MatrixDiT-G,64,232.44392,1351.559811072,10.33719883998856,10.248654522001743,10.313184931874275,1496.96435546875
214,MatrixDiT-G,128,232.509456,2719.347642368,19.01004815474153,18.968259042594585,19.08509398344904,1637.46435546875
215,MatrixDiT-G,256,232.640528,5533.44067584,36.16453564260155,36.14416951313615,36.2227390287444,1924.46435546875
216,MatrixDiT-G,8,231.059472,154.320785408,7.972066677175461,7.931759930215776,8.01951193716377,1368.18310546875
217,MatrixDiT-G,16,231.067664,298.804088832,7.9899373720400035,7.975442975293845,8.034711005166173,1383.24560546875
218,MatrixDiT-G,32,231.084048,588.091559936,8.24875480029732,8.193437999580055,8.327665971592069,1413.37060546875
219,MatrixDiT-G,64,231.116816,1167.949959168,8.80270262947306,8.714831492397934,8.771491004154086,1473.62060546875
220,MatrixDiT-G,128,231.182352,2332.800585728,15.76585616916418,15.7357610296458,15.805846895091236,1594.12060546875
221,MatrixDiT-G,256,231.313424,4683.037151232,29.782045900356025,29.75823997985572,29.82397098094225,1835.12060546875
222,MatrixDiT-G,8,232.2852,174.500630528,7.815705928951502,7.798142964020371,7.8612579964101315,1373.04052734375
223,MatrixDiT-G,16,232.293392,339.358814208,8.027259593363851,7.948665006551892,8.052055025473237,1388.10302734375
224,MatrixDiT-G,32,232.309776,669.981151232,8.16770070232451,8.153406961355358,8.205945021472871,1418.22802734375
225,MatrixDiT-G,64,232.342544,1334.849703936,9.708107050973922,9.677707450464368,9.697242989204824,1478.47802734375
226,MatrixDiT-G,128,232.40808,2679.082323968,18.39318981161341,18.36463646031916,18.38408003095537,1630.97802734375
227,MatrixDiT-G,256,232.539152,5425.529622528,36.78549676667899,36.76849853945896,36.80118697229773,2063.97802734375
228,MatrixDiT-G,8,233.169936,189.096808448,7.9611086030490705,7.94074049917981,8.044276968576014,1380.85302734375
229,MatrixDiT-G,16,233.178128,368.75249664,8.008449985645711,7.983338029589504,8.059256011620164,1400.66552734375
230,MatrixDiT-G,32,233.194512,729.573822464,8.232662735972553,8.211270498577505,8.303871029056609,1441.79052734375
231,MatrixDiT-G,64,233.22728,1457.256271872,10.854425001889467,10.82208298612386,10.849200072698295,1530.04052734375
232,MatrixDiT-G,128,233.292816,2936.780361728,20.571515099145472,20.52509249188006,20.61174693517387,1730.54052734375
233,MatrixDiT-G,256,233.423888,5992.4653056,40.90312440181151,40.861071029212326,40.90735490899533,2227.54052734375
234,MatrixDiT-G,8,231.842832,167.202541568,7.682373814750463,7.649334438610822,7.744374917820096,1371.25927734375
235,MatrixDiT-G,16,231.851024,324.661972992,7.727093189023435,7.716730993706733,7.767678005620837,1386.32177734375
236,MatrixDiT-G,32,231.867408,640.184815616,8.040313785895705,8.022930473089218,8.140055928379297,1416.44677734375
237,MatrixDiT-G,64,231.900176,1273.646419968,9.100680958945304,9.065833000931889,9.112942032516004,1476.69677734375
238,MatrixDiT-G,128,231.965712,2550.233305088,17.08701529307291,17.06170802935958,17.074504983611405,1597.19677734375
239,MatrixDiT-G,256,232.096784,5142.061780992,34.40688636852428,34.32260802946985,34.37372506596148,1998.19677734375
240,MatrixDiT-G,8,231.554064,162.477658112,7.857690521050245,7.82545399852097,7.974551059305668,1370.16943359375
241,MatrixDiT-G,16,231.562256,315.224788992,7.990204463712871,7.972910534590483,8.051919052377343,1385.23193359375
242,MatrixDiT-G,32,231.57864,621.360779264,8.20748262340203,8.118173980619758,8.2422950072214,1415.35693359375
243,MatrixDiT-G,64,231.611408,1236.199673856,9.193053301423788,9.12724551744759,9.172584977932274,1475.60693359375
244,MatrixDiT-G,128,231.676944,2476.145119232,16.8884119624272,16.86186296865344,16.889696940779686,1596.10693359375
245,MatrixDiT-G,256,231.808016,4997.106634752,32.11878839880228,32.09264751058072,32.16077201068401,1837.10693359375
246,MatrixDiT-G,8,232.4388,177.073836032,8.100730692967772,8.005705021787435,8.114040945656598,1376.01318359375
247,MatrixDiT-G,16,232.446992,344.618471424,8.092336733825505,8.064836030825973,8.147006970830262,1393.41943359375
248,MatrixDiT-G,32,232.463376,680.953450496,8.26739814132452,8.254799002315849,8.301057037897408,1428.41943359375
249,MatrixDiT-G,64,232.496144,1358.606241792,10.2703999215737,10.236321482807398,10.276876972056924,1499.16943359375
250,MatrixDiT-G,128,232.56168,2733.843156992,18.985956250689924,18.951074976939708,18.998765968717635,1643.66943359375
251,MatrixDiT-G,256,232.692752,5564.042317824,36.39335521264002,36.353288451209664,36.43191000446677,1944.66943359375
252,MatrixDiT-G,8,231.111696,155.179569152,7.951653001364321,7.933792483527213,8.044007001444697,1368.38818359375
253,MatrixDiT-G,16,231.119888,300.527947776,7.993454688694328,7.889644475653768,8.130754926241934,1383.45068359375
254,MatrixDiT-G,32,231.136272,591.564443648,8.248181974049658,8.165531035047024,8.432858972810209,1413.57568359375
255,MatrixDiT-G,64,231.16904,1174.996389888,8.714915905147791,8.689121983479708,8.751443936489522,1473.82568359375
256,MatrixDiT-G,128,231.234576,2347.296100352,15.691196520347148,15.652078029233962,15.762051101773976,1594.32568359375
257,MatrixDiT-G,256,231.365648,4713.638793216,30.011222867760807,29.989739996381104,30.09898797608912,1835.32568359375
258,DiT3D-M/2,8,230.19624,167.80955648,5.104730932507664,5.070668528787792,5.209950963035226,1382.09912109375
259,DiT3D-M/2,16,230.204432,361.2309504,5.318461230490357,5.220039980486035,5.334507906809449,1461.16162109375
260,DiT3D-M/2,32,230.220816,825.383149568,15.449919439852238,15.409027982968835,15.477836946956812,1765.28662109375
261,DiT3D-M/2,64,230.253584,2062.925193216,42.23390678409487,42.18072054209188,42.31383604928851,2949.53662109375
262,DiT3D-M/2,128,230.31912,5774.95986176,133.01462332718074,132.9658380127512,133.19388695526868,7622.03662109375
263,DiT3D-M/2,256,230.450192,18146.83152384,480.8345784572885,480.81090045161545,481.1646861489862,26183.03662109375
